ID_CIDADE;NOME_CIDADE;UF;POPULACAO_TOTAL;PERC_POPULACAO_URBANA;PERC_POPULACAO_RURAL;PERC_POPULACAO_MASCULINA;PERC_POPULACAO_FEMININA;QTD_ANALFABETO_MAIS_15ANOS;TAXA_ANALFABETO_MAIS_15;QTD_DOMICILIOS;QTD_DOMICILIOS_RESP_HOMEM;QTD_DOMICILIOS_RESP_MULHER;PERC_DOMICILIOS_SANEAMENTO_ADEQUADO;PERC_DOMICILIOS_SANEAMENTO_SEMI_ADEQUADO;PERC_DOMICILIOS_SANEAMENTO_SEMI_INADEQUADO;MEDIA_REND_DOMICILIAR_PERCAPITA_NOM;MEDIA_REND_NOMINAL_HOMENS;MEDIA_REND_NOMINAL_MULHERES;MEDIANA_REND_NOMINAL_HOMENS;MEDIANA_REND_NOMINAL_MULHERES
4300034;Aceguá;RS;4394;24,1;75,9;52,4;47,6;214;6,4;1397;1119;279;25,3;74,3;0,4;591,94;1287,72;766,88;600;510
4300059;Água Santa;RS;3722;38,9;61,1;50,5;49,5;157;5,4;1165;1009;159;27,1;72,7;0,2;851,94;1587,26;1085,35;800;510
4300109;Agudo;RS;16722;41,2;58,8;49,9;50,1;917;6,8;5425;3880;1557;42,3;55,7;2;710,78;1150,1;883,48;700;560
4300208;Ajuricaba;RS;7255;56,6;43,4;49,4;50,6;304;5,1;2456;1801;666;15,6;84,2;0,1;812,12;1653,55;774,1;800;510
4300307;Alecrim;RS;7045;30,7;69,3;49,9;50,1;455;7,8;2471;1900;575;10,6;89,1;0,2;470,08;779,41;654,72;510;510
4300406;Alegrete;RS;77653;89,6;10,4;49;51;3631;5,9;25921;16677;9314;70,7;29,2;0,1;633,9;1264,55;850,09;660,5;510
4300455;Alegria;RS;4301;36,9;63,1;50;50;356;10,1;1491;1115;380;5,2;94;0,7;662,98;1275,76;733,21;510;510
4300471;Almirante Tamandaré do Sul;RS;2067;40,6;59,4;50,4;49,6;73;4,3;728;598;133;11,3;88,7;0;652,5;1147,7;775,72;775;510
4300505;Alpestre;RS;8027;27,5;72,5;51,4;48,6;814;12,7;2687;2104;584;13,1;85,2;1,6;474,43;781,8;651,32;510;510
4300554;Alto Alegre;RS;1848;40,2;59,8;51,1;48,9;111;7,3;623;511;113;12;88;0;716,02;1425,88;784,68;800;510
4300570;Alto Feliz;RS;2917;28;72;51,4;48,6;66;2,7;999;694;307;49,6;50,3;0,1;678,08;1020,16;790,09;850;650
4300604;Alvorada;RS;195673;100;0;48,6;51,4;5678;3,9;60211;31389;28870;85,6;14,4;0;506,88;1056,48;771,7;800;600
4300638;Amaral Ferrador;RS;6353;29,4;70,6;51,6;48,4;587;12;2094;1630;487;15,7;81,4;2,9;412,92;743,1;625,41;510;510
4300646;Ametista do Sul;RS;7323;52;48;51;49;630;11,4;2391;1799;602;15,7;82,6;1,6;460,59;863,73;643,93;510;510
4300661;André da Rocha;RS;1216;40,8;59,2;51;49;65;6,7;425;352;73;32,9;67,1;0;704,58;1165,31;915,42;800;600
4300703;Anta Gorda;RS;6073;38,4;61,6;49,8;50,2;288;5,6;1929;1601;341;45,8;53,9;0,3;697,32;1089,68;813,75;800;510
4300802;Antônio Prado;RS;12833;72;28;49,9;50,1;508;4,8;4238;3100;1147;75,7;24,2;0;823,63;1368,09;906,04;1000;650
4300851;Arambaré;RS;3693;78,9;21,1;50,2;49,8;215;7,4;1331;985;352;58,8;41,2;0;542,54;1039,07;785,45;650;510
4300877;Araricá;RS;4864;82,2;17,8;50,5;49,5;183;4,9;1688;1121;568;1;99;0;526,65;984,63;714,18;700;600
4300901;Aratiba;RS;6565;50,5;49,5;50,9;49,1;241;4,4;2164;1641;526;47,9;52,1;0;838,94;1418,79;924,55;765;510
4301008;Arroio do Meio;RS;18783;78,1;21,9;49,8;50,2;290;1,9;6240;4044;2198;48,3;51,6;0;811,83;1262,58;916,21;900;636
4301057;Arroio do Sal;RS;7740;97;3;49,5;50,5;235;3,9;2756;1598;1173;25,8;74,2;0;679,42;1265,14;898,18;900;600
4301073;Arroio do Padre;RS;2730;16,6;83,4;51,8;48,2;106;4,8;708;621;88;3,2;91,9;4,8;538,03;1354,04;716,91;700;510
4301107;Arroio dos Ratos;RS;13606;95,2;4,8;48,8;51,2;753;7,1;4608;2787;1823;67,8;32,2;0;526,72;1014,41;740,31;700;510
4301206;Arroio do Tigre;RS;12648;47,1;52,9;50,5;49,5;701;7;3944;2922;1026;37,2;61,3;1,5;529,15;914,44;764,02;510;510
4301305;Arroio Grande;RS;18470;87,1;12,9;49,7;50,3;1180;8,2;6494;3892;2613;66,7;33,2;0,1;476,48;953,18;687,75;511;510
4301404;Arvorezinha;RS;10225;61,3;38,7;50,2;49,8;674;8,3;3211;2334;882;44;55,3;0,7;581,97;966,5;731,35;600;510
4301503;Augusto Pestana;RS;7096;51,5;48,5;49,1;50,9;250;4,2;2534;1881;657;17,3;82,7;0;945,07;1484,4;1103,92;900;655,5
4301552;Áurea;RS;3665;41,9;58,1;49,3;50,7;163;5,4;1218;839;383;19,8;80,1;0,1;568,4;914,32;727,31;600;510
4301602;Bagé;RS;116794;83,7;16,3;47,8;52,2;4504;4,9;38504;21020;17512;84,5;15,5;0,1;648,39;1296,4;943,73;700;510
4301636;Balneário Pinhal;RS;10856;99;1;49,2;50,8;429;5,2;3784;2252;1541;34,7;65,3;0;583,94;1205,22;871,08;800;511
4301651;Barão;RS;5741;51,7;48,3;50,7;49,3;144;3,1;1849;1229;621;29,6;70,3;0,1;777,7;1161,38;882,04;900;697,5
4301701;Barão de Cotegipe;RS;6529;60,7;39,3;50,5;49,5;203;3,8;2096;1618;480;53,6;46,1;0,3;656,21;1138,28;784,25;780;550
4301750;Barão do Triunfo;RS;7018;9,9;90,1;53,3;46,7;520;9,7;2354;1927;430;8,7;84,8;6,5;402,26;784,62;628,49;510;510
4301800;Barracão;RS;5357;56,7;43,3;50,2;49,8;374;8,8;1814;1216;602;32,6;67;0,3;561,59;1167,44;726,78;600;510
4301859;Barra do Guarita;RS;3089;44,4;55,6;50,2;49,8;234;9,9;1003;732;280;3,4;96;0,6;475,09;852,39;657,4;600;510
4301875;Barra do Quaraí;RS;4012;70,8;29,2;53;47;217;7,4;1212;874;346;46,5;53,3;0,2;350,12;830,24;617,39;600;510
4301909;Barra do Ribeiro;RS;12572;73,9;26,1;49,7;50,3;686;7;4261;2736;1537;66,3;33,4;0,3;534,56;1043,94;770,33;700;510
4301925;Barra do Rio Azul;RS;2003;20,1;79,9;52,4;47,6;134;8;620;543;78;17,3;82,7;0;599,63;918,4;759,5;600;510
4301958;Barra Funda;RS;2367;64,3;35,7;49,7;50,3;98;5,1;718;472;249;32,2;67,8;0;683,53;1064,16;813,59;750;555
4302006;Barros Cassal;RS;11133;31,7;68,3;51,5;48,5;1255;15,1;3565;2625;975;22,8;69,6;7,6;449,63;839,81;665,97;510;510
4302055;Benjamin Constant do Sul;RS;2307;14,8;85,2;51,8;48,2;226;13,8;621;484;138;24,6;73,4;1,9;316,64;637,26;511,98;510;510
4302105;Bento Gonçalves;RS;107278;92,3;7,7;49,1;50,9;1965;2,2;36513;22168;14363;84,2;15,8;0;1001,03;1683,13;1126,22;1100;800
4302154;Boa Vista das Missões;RS;2114;41,9;58,1;50;50;146;9;703;458;246;4,8;95;0,1;489,93;1065,45;663,19;750;510
4302204;Boa Vista do Buricá;RS;6574;66,4;33,6;50,1;49,9;102;1,9;2225;1732;501;7,7;92,3;0;797,97;1282,23;887,47;800;582,5
4302220;Boa Vista do Cadeado;RS;2441;19,3;80,7;51,5;48,5;104;5,2;810;642;169;3,1;96,7;0,2;637,59;1205,24;784,23;700;510
4302238;Boa Vista do Incra;RS;2425;29,9;70,1;51,3;48,7;97;5;777;610;174;0,4;99,6;0;605,32;1166,3;792,62;700;510
4302253;Boa Vista do Sul;RS;2776;14,1;85,9;52,9;47,1;177;7,4;915;728;188;2,3;97,7;0;813,65;1219,37;799,68;780;600
4302303;Bom Jesus;RS;11519;74,6;25,4;49,5;50,5;685;7,9;3827;2631;1197;62,9;36,3;0,8;482,17;997,08;738,34;600;510
4302352;Bom Princípio;RS;11789;78;22;51,1;48,9;163;1,7;3848;2750;1103;50,6;49,4;0;745,29;1190,43;837,92;950;620
4302378;Bom Progresso;RS;2328;49,2;50,8;50,1;49,9;187;10,2;782;511;271;20,3;79,3;0,4;516,21;1001,42;756,22;600;510
4302402;Bom Retiro do Sul;RS;11472;79,9;20,1;49,3;50,7;317;3,5;4036;2636;1401;70,9;29,1;0;647,56;1069,52;786,41;800;600
4302451;Boqueirão do Leão;RS;7673;21,8;78,2;51,3;48,7;631;10,8;2467;1840;646;22,1;76,2;1,7;545,58;1049,52;844,99;698;510
4302501;Bossoroca;RS;6884;53,5;46,5;51;49;431;8;2382;1484;898;14,2;85,8;0;464,39;961,66;641,99;510;510
4302584;Bozano;RS;2200;28,6;71,4;50;50;94;5,2;702;587;116;21,9;77,9;0,1;768,41;1339,14;860,37;800;660
4302600;Braga;RS;3702;61,6;38,4;50,4;49,6;393;13,8;1211;853;366;6,2;92,7;1,1;448,36;968,72;598,13;510;510
4302659;Brochier;RS;4675;49,1;50,9;51,3;48,7;130;3,3;1670;1265;407;26,4;73,5;0,1;614,66;975,6;734,25;700;510
4302709;Butiá;RS;20406;94,7;5,3;49,2;50,8;1324;8,5;6746;3685;3071;66,4;33,6;0;511,31;1067,1;751,32;760;510
4302808;Caçapava do Sul;RS;33690;75,4;24,6;48,5;51,5;2231;8,2;12100;7171;4936;50,4;48,9;0,7;528,96;979,03;774,62;600;510
4302907;Cacequi;RS;13676;87,4;12,6;50;50;802;7,5;4493;3018;1486;48,1;51,5;0,3;499,01;1027,81;721,3;550;510
4303004;Cachoeira do Sul;RS;83827;85,5;14,5;48,2;51,8;5019;7,5;29374;17626;11784;36,3;63,5;0,2;657,3;1237,5;890,4;700;510
4303103;Cachoeirinha;RS;118278;100;0;48,3;51,7;2712;2,9;38874;22177;16713;82,4;17,6;0;718,31;1399,14;985,66;1000;700
4303202;Cacique Doble;RS;4868;33,4;66,6;49,7;50,3;383;10,1;1453;1131;322;30,1;68,1;1,8;470,37;917,9;692,27;510;510
4303301;Caibaté;RS;4954;55,4;44,6;51,1;48,9;278;7;1720;1223;507;16;83,7;0,3;580,06;1051,5;724,73;600;510
4303400;Caiçara;RS;5071;31,4;68,6;51;49;310;7,6;1621;1248;380;15,9;83,3;0,7;595,64;1052,04;783,51;600;510
4303509;Camaquã;RS;62764;78,6;21,4;49,2;50,8;3548;7,2;20758;14121;6672;73,6;26;0,4;580,04;1156,83;811,07;700;510
4303558;Camargo;RS;2592;42,2;57,8;49,8;50,2;181;8,6;835;678;157;44,4;55,4;0,1;832,96;1497,81;977,28;1000;600
4303608;Cambará do Sul;RS;6542;46,5;53,5;51,2;48,8;342;6,9;2184;1391;800;50;50;0;558,34;1086,08;776,15;800;510
4303673;Campestre da Serra;RS;3247;37,9;62,1;51,6;48,4;165;6,4;1101;664;440;28,3;71,5;0,2;649,52;1131,33;815,19;960;650
4303707;Campina das Missões;RS;6117;35,8;64,2;50;50;209;4,1;2070;1607;473;36,6;63,4;0;573,78;1005,73;758,97;650;510
4303806;Campinas do Sul;RS;5506;76,6;23,4;48,1;51,9;215;4,7;1882;1314;571;78,4;21,6;0;726,33;1369,37;813,99;800;520
4303905;Campo Bom;RS;60074;95,4;4,6;49,1;50,9;1509;3,2;19996;11583;8440;71,4;28,6;0;743,04;1298,8;909,5;900;650
4304002;Campo Novo;RS;5459;75,3;24,7;49,2;50,8;554;13;1844;1193;655;9,8;90,1;0,1;514,5;1013,14;723,05;540;510
4304101;Campos Borges;RS;3494;57,4;42,6;50,2;49,8;271;9,6;1238;913;330;9,5;90;0,5;541,46;944,24;682,83;520;510
4304200;Candelária;RS;30171;52,1;47,9;48,9;51,1;2274;9,5;10426;6903;3540;46,6;52,5;0,9;532,14;898,17;734,12;510;510
4304309;Cândido Godói;RS;6535;28,2;71,8;50,8;49,2;184;3,4;2159;1662;500;10,3;89,6;0,1;604,5;936,41;768,98;610;510
4304358;Candiota;RS;8771;29,6;70,4;51,1;48,9;357;5,5;2827;2074;755;69,5;29,4;1,1;572,99;1306,52;769,8;900;510
4304408;Canela;RS;39229;91,3;8,7;48,7;51,3;1250;4,2;12931;7521;5426;85;15;0;692,74;1296,92;961,03;850;650
4304507;Canguçu;RS;53259;37;63;50,4;49,6;3872;9,2;17565;13102;4502;34,9;57,6;7,5;445,25;839,86;665,34;510;510
4304606;Canoas;RS;323827;100;0;48,2;51,8;6576;2,6;103914;58244;45731;91,3;8,7;0;782,83;1574,11;1087,49;1000;700
4304614;Canudos do Vale;RS;1807;22,7;77,3;53,1;46,9;163;10,7;600;527;74;18,5;81;0,5;740,33;1252,84;926,8;700;600
4304622;Capão Bonito do Sul;RS;1754;28,4;71,6;53,8;46,2;135;9,7;613;495;118;1,1;97,6;1,3;433,61;911,68;665,04;510;510
4304630;Capão da Canoa;RS;42040;99,4;0,6;49;51;1184;3,7;13644;8028;5642;59,2;40,8;0;712,35;1449,66;990,75;1000;620
4304655;Capão do Cipó;RS;3104;16,7;83,3;52,4;47,6;154;6,4;1029;732;297;7,6;92,1;0,3;486,21;1079,01;649,93;510;510
4304663;Capão do Leão;RS;24298;92,1;7,9;49,2;50,8;1351;7,4;7831;4890;2947;65,9;34;0,1;425,87;929,12;639,83;670;510
4304671;Capivari do Sul;RS;3890;83;17;49,7;50,3;237;7,9;1275;879;400;62;38;0;827,69;1888,61;813,29;800;510
4304689;Capela de Santana;RS;11612;59,6;40,4;50,4;49,6;506;5,8;3908;2197;1711;27,8;72,2;0;485,76;908,03;671,4;700;510
4304697;Capitão;RS;2636;43,5;56,5;51,3;48,7;112;5,3;855;601;255;9,1;90,9;0;749,61;1277,19;782,29;750;560
4304705;Carazinho;RS;59317;98,2;1,8;47,7;52,3;1925;4,1;20161;11556;8622;46,6;53,4;0;743,88;1412,99;976,1;900;600
4304713;Caraá;RS;7312;14,5;85,5;51,9;48,1;703;12;2569;2097;478;43,4;56;0,5;425,28;764,08;627,04;510;510
4304804;Carlos Barbosa;RS;25192;79,4;20,6;50,3;49,7;529;2,5;8439;5760;2689;74,7;25,3;0;1008,7;1640,27;1083,25;1200;800
4304853;Carlos Gomes;RS;1607;23,5;76,5;51,9;48,1;63;4,7;498;372;127;18,1;81,3;0,6;585,33;950,82;756,27;600;510
4304903;Casca;RS;8651;58,8;41,2;49;51;280;3,9;2813;2167;648;28,2;71,8;0;833,47;1459,85;952,29;1000;640
4304952;Caseiros;RS;3007;49,5;50,5;50,4;49,6;237;10,1;1001;771;233;22,1;77,9;0;522,38;1005,26;713,72;600;510
4305009;Catuípe;RS;9323;64,3;35,7;49,2;50,8;459;6;3176;2213;970;17,3;82,6;0,1;700,5;1247,46;822,35;650;510
4305108;Caxias do Sul;RS;435564;96,3;3,7;49;51;8200;2,4;146830;90834;56150;89,3;10,7;0;1023,77;1859,27;1216,78;1200;800
4305116;Centenário;RS;2965;32;68;52;48;101;4,1;952;789;165;29,9;69,7;0,3;539,3;970,21;690,08;565;510
4305124;Cerrito;RS;6402;58,5;41,5;50,2;49,8;618;12,1;2250;1339;977;27,2;69,4;3,4;410,79;760,42;602,91;510;510
4305132;Cerro Branco;RS;4454;28,6;71,4;50;50;477;13,1;1591;1130;468;50,8;48,1;1;446,5;708,75;643,4;510;510
4305157;Cerro Grande;RS;2417;34,3;65,7;50;50;266;14;788;641;148;16,2;82,9;0,9;423,55;699,56;610,31;510;510
4305173;Cerro Grande do Sul;RS;10268;24,2;75,8;52,2;47,8;755;9,8;3333;2125;1216;15,8;80,3;3,8;428,16;809,89;673,67;510;510
4305207;Cerro Largo;RS;13289;79,5;20,5;49,8;50,2;478;4,4;4428;2881;1564;41,4;58,6;0;726,31;1259,21;868,39;850;510
4305306;Chapada;RS;9377;59,4;40,6;49;51;335;4,3;3329;2268;1063;15;84,8;0,2;713,22;1146,62;827,91;700;510
4305355;Charqueadas;RS;35320;97,7;2,3;55,3;44,7;1349;4,8;10094;6299;3808;89,9;10;0;649,15;1230,65;892,77;900;600
4305371;Charrua;RS;3471;16,8;83,2;49,8;50,2;331;13,1;929;730;199;25,8;73,6;0,5;573,82;1079,82;756,2;700;510
4305405;Chiapetta;RS;4044;61,1;38,9;48,8;51,2;199;6,3;1352;796;562;10,6;89,3;0,1;641,02;1265,18;785,96;696;510
4305439;Chuí;RS;5917;96,3;3,7;49,4;50,6;83;1,9;1955;1127;837;78,4;21,5;0,1;443,43;921,51;713,03;600;510
4305447;Chuvisca;RS;4944;5,5;94,5;52,6;47,4;364;9,7;1500;1281;227;3,3;94,5;2,3;422,24;743,13;637,51;510;510
4305454;Cidreira;RS;12668;96,8;3,2;49,3;50,7;358;3,7;4399;2582;1824;42,7;57,3;0;657,52;1304,03;963,8;800;600
4305504;Ciríaco;RS;4922;50,7;49,3;51;49;285;7,1;1669;1230;439;42,2;57,6;0,1;577,25;971,31;710,26;510;510
4305587;Colinas;RS;2420;45,7;54,3;49,9;50,1;61;2,9;848;625;223;55,4;44,6;0;891,09;1267,68;990,98;900;600
4305603;Colorado;RS;3550;51,9;48,1;48,6;51,4;133;4,4;1245;970;276;2,9;97;0,1;848,54;1720,01;881,76;1000;510
4305702;Condor;RS;6552;61,6;38,4;49,1;50,9;277;5,4;2138;1558;581;18,5;81,5;0;623,53;1282,2;799,32;800;510
4305801;Constantina;RS;9752;66,8;33,2;49;51;643;8,3;3062;2300;763;36,2;63,7;0,1;576,82;1151,42;792,47;650;510
4305835;Coqueiro Baixo;RS;1528;18,5;81,5;51,8;48,2;93;7,1;534;460;74;4,3;95,1;0,6;608,67;896,85;791,66;510;510
4305850;Coqueiros do Sul;RS;2457;36,8;63,2;51,1;48,9;103;5,2;863;669;197;13,2;86,7;0,1;757,2;1429,15;828,68;800;510
4305871;Coronel Barros;RS;2459;44,4;55,6;49,6;50,4;65;3,1;873;698;179;38,3;61,6;0,1;888,86;1541,75;955,66;870;600
4305900;Coronel Bicaco;RS;7748;65,4;34,6;49,1;50,9;673;11,3;2621;1566;1055;1,8;97,7;0,5;446,28;920,21;633,89;510;510
4305934;Coronel Pilar;RS;1725;10,1;89,9;51,8;48,2;58;4;521;461;60;3,5;96,5;0;801,91;1156,6;910,36;800;764
4305959;Cotiporã;RS;3917;52,3;47,7;51,9;48,1;152;4,5;1246;993;255;57,4;42,5;0,1;724,41;1185,49;833,08;870;636,5
4305975;Coxilha;RS;2826;61,5;38,5;49,1;50,9;151;6,9;935;749;188;13,4;86,6;0;602,04;1349,97;710,31;850;510
4306007;Crissiumal;RS;14084;43,5;56,5;49,1;50,9;546;4,8;4902;3332;1578;13;86,7;0,3;552,43;895,65;702,32;580;510
4306056;Cristal;RS;7280;56;44;50,6;49,4;531;9,5;2346;1723;632;61,8;37;1,1;493,09;1004,27;670,62;650;510
4306072;Cristal do Sul;RS;2826;32,9;67,1;51;49;269;12,2;954;773;182;12,7;86,2;1,2;361,13;594,98;520,73;510;510
4306106;Cruz Alta;RS;62821;96,5;3,5;47,3;52,7;2203;4,5;21283;12183;9121;36,9;63,1;0;720,13;1411,96;999,98;800;580
4306130;Cruzaltense;RS;2141;22,8;77,2;51,4;48,6;120;6,8;681;529;155;21,6;78,4;0;575,26;958,28;736,66;700;510
4306205;Cruzeiro do Sul;RS;12320;60,7;39,3;50;50;382;3,8;4195;2551;1647;28,9;71;0;664,42;1061,57;815,26;800;600
4306304;David Canabarro;RS;4683;40,8;59,2;51,5;48,5;280;7,4;1508;1245;263;52,1;47,9;0;617,08;1164,77;813,6;800;510
4306320;Derrubadas;RS;3190;28,2;71,8;50,3;49,7;242;9,8;1055;841;215;17,3;82,2;0,6;434,82;1060,86;633,33;510;510
4306353;Dezesseis de Novembro;RS;2866;23,3;76,7;51,3;48,7;279;12,3;992;730;262;12;87,6;0,4;370,35;655,99;601,27;510;510
4306379;Dilermando de Aguiar;RS;3064;32,3;67,7;51,5;48,5;331;13,6;1091;737;354;27,7;71,1;1,2;461,74;983,74;562,61;510;510
4306403;Dois Irmãos;RS;27572;98,9;1,1;49,5;50,5;454;2;9403;6027;3380;92,5;7,5;0;800,5;1297,12;902,9;900;700
4306429;Dois Irmãos das Missões;RS;2157;50,7;49,3;50,1;49,9;203;12,3;714;523;191;3,1;96,2;0,7;442,76;1015,83;619,43;510;510
4306452;Dois Lajeados;RS;3278;47,7;52,3;50,4;49,6;143;5,1;1055;781;274;57,1;42,8;0,1;794,71;1204,31;921,04;910;600
4306502;Dom Feliciano;RS;14380;23,2;76,8;51,4;48,6;1344;12,2;4615;3575;1067;13,5;79,3;7,1;384,95;711,91;621,71;510;510
4306551;Dom Pedro de Alcântara;RS;2550;29,1;70,9;52,6;47,4;121;5,6;952;705;250;19,9;79,9;0,2;510,84;812,91;732,7;565;510
4306601;Dom Pedrito;RS;38898;90,6;9,4;49,1;50,9;1821;6;13132;8233;4917;81,3;18,6;0;561,21;1095,5;767,13;560;510
4306700;Dona Francisca;RS;3401;63,1;36,9;49,3;50,7;199;7,2;1115;798;319;47,9;51,6;0,5;553,87;1000,51;780,85;550;510
4306734;Doutor Maurício Cardoso;RS;5313;49,3;50,7;49,8;50,2;279;6,3;1888;1172;720;2,3;97,5;0,2;581,85;909,34;734,23;510;510
4306759;Doutor Ricardo;RS;2030;34,1;65,9;51;49;122;7,2;642;532;113;24,9;74,6;0,5;718,59;1085,22;873,56;800;626
4306767;Eldorado do Sul;RS;34343;89,7;10,3;49,5;50,5;1070;4,2;10992;6183;4879;76,6;23,3;0,1;582,44;1210,3;839,86;800;600
4306809;Encantado;RS;20510;87,2;12,8;48,4;51,6;551;3,3;7075;4848;2230;82,1;17,9;0;819,79;1429,66;932,82;900;650
4306908;Encruzilhada do Sul;RS;24534;69,8;30,2;50,2;49,8;2052;10,8;8472;5582;2909;58,7;39,3;2;464,51;907,95;725,36;510;510
4306924;Engenho Velho;RS;1527;39,2;60,8;48,6;51,4;120;10,6;433;353;81;15;84,3;0,7;650,12;1290,01;938,28;800;610
4306932;Entre0Ijuís;RS;8938;54,7;45,3;49,4;50,6;436;6,1;3061;2257;820;11,9;87,8;0,2;520;971,91;708,12;600;510
4306957;Entre Rios do Sul;RS;3080;69,2;30,8;50,5;49,5;222;9,1;1051;742;309;58,5;41,4;0,1;521,61;948,1;707,62;600;510
4306973;Erebango;RS;2970;65,9;34,1;50,2;49,8;158;6,9;935;702;233;18,3;81,4;0,3;569,5;1111,92;748,94;700;510
4307005;Erechim;RS;96087;94,2;5,8;48,1;51,9;2538;3,3;33097;20985;12131;88,7;11,2;0;872,38;1584,97;1032,1;1000;700
4307054;Ernestina;RS;3088;54,1;45,9;50,6;49,4;153;6,2;1082;826;260;13,5;86,5;0;595,54;1101,52;758,99;800;510
4307104;Herval;RS;6753;66,9;33,1;51,6;48,4;409;7,9;2586;1557;1032;48,1;50,9;1;524,34;1136,5;650,17;510;510
4307203;Erval Grande;RS;5163;52,1;47,9;50,8;49,2;486;11,8;1651;1288;368;32,7;66,3;1;537,18;1019,06;679,24;540;510
4307302;Erval Seco;RS;7878;43,6;56,4;49,8;50,2;704;11,6;2604;1967;642;13,5;85,6;0,9;429,17;820,78;630,95;510;510
4307401;Esmeralda;RS;3168;67,2;32,8;49,6;50,4;205;8,2;1092;761;332;43,2;56,8;0;508,15;965,29;724,66;600;510
4307450;Esperança do Sul;RS;3272;25,8;74,2;50,4;49,6;261;9,7;1136;957;185;1,2;98,2;0,6;451,05;653,62;602,21;510;510
4307500;Espumoso;RS;15240;73;27;49,4;50,6;905;7,4;5093;3365;1739;47;52,6;0,4;709,05;1366,59;869,97;750;510
4307559;Estação;RS;6011;85,2;14,8;49,1;50,9;170;3,5;2022;1464;558;52,8;47,2;0;712,31;1329,56;780,79;800;560
4307609;Estância Velha;RS;42574;97,4;2,6;49,4;50,6;878;2,6;13917;9124;4801;61,8;38,2;0;716,22;1293,07;910,1;956,5;650
4307708;Esteio;RS;80755;99,9;0,1;48,3;51,7;1690;2,7;26387;15382;11038;84,7;15,3;0;786,99;1561,6;1029,33;1020;700
4307807;Estrela;RS;30619;84,6;15,4;49,4;50,6;611;2,5;10475;6384;4110;81,7;18,3;0;889,94;1501,2;1012,91;1000;700
4307815;Estrela Velha;RS;3628;32,2;67,8;50,9;49,1;256;8,9;1136;930;206;7,2;91;1,8;487,07;1020,72;700,44;632,5;510
4307831;Eugênio de Castro;RS;2798;52,9;47,1;50,6;49,4;147;6,5;1024;742;284;3,9;96;0,1;531,21;976,87;743,09;510;510
4307864;Fagundes Varela;RS;2579;50,1;49,9;50,4;49,6;87;4;763;597;166;42,2;57,8;0;847,23;1259,08;926,45;1000;700
4307906;Farroupilha;RS;63635;86,5;13,5;49,2;50,8;1373;2,7;20573;13552;7044;82;18;0;876,71;1493,75;1035,03;1000;782,5
4308003;Faxinal do Soturno;RS;6672;62,6;37,4;49,1;50,9;279;5,1;2159;1207;953;61,1;38,5;0,4;662,12;1134,52;888,94;700;510
4308052;Faxinalzinho;RS;2567;49,6;50,4;50;50;190;9,5;853;640;213;29,9;69,6;0,5;421,41;794,34;611,09;510;510
4308078;Fazenda Vilanova;RS;3697;54,4;45,6;50,2;49,8;170;5,9;1270;784;487;32,5;67,4;0,1;581,32;1033,31;705,39;700;510
4308102;Feliz;RS;12359;76,2;23,8;49,9;50,1;97;0,9;4175;2827;1356;57,4;42,6;0;782,14;1233,02;887,06;1000;650
4308201;Flores da Cunha;RS;27126;76,9;23,1;50;50;699;3,2;8808;5871;2948;68,9;31,1;0;851,95;1478,62;952,64;1000;700
4308250;Floriano Peixoto;RS;2018;14,5;85,5;53,6;46,4;75;4,4;653;570;87;10,3;88,7;1,1;571,54;1054,49;694,46;700;510
4308300;Fontoura Xavier;RS;10719;38,2;61,8;50,9;49,1;1371;17;3378;2217;1186;1,6;91;7,4;436,8;899,88;616,01;510;510
4308409;Formigueiro;RS;7014;39,5;60,5;50,9;49,1;639;11,2;2349;1730;621;15,9;83,6;0,5;470,18;847,93;659,56;510;510
4308433;Forquetinha;RS;2479;18,9;81,1;51;49;142;6,6;886;718;168;29,1;70,4;0,5;688,6;925,04;784,37;700;600
4308458;Fortaleza dos Valos;RS;4575;65,4;34,6;49;51;229;6,3;1561;941;620;8,1;91,8;0,1;831,12;1651,84;1026,38;750;510
4308508;Frederico Westphalen;RS;28843;80,9;19,1;49;51;1069;4,6;9521;6278;3263;63,7;36,1;0,2;747,64;1374,66;923,97;800;570
4308607;Garibaldi;RS;30689;88,7;11,3;49,6;50,4;677;2,6;10147;6810;3347;78,9;21,1;0;960,47;1600,81;1048,45;1000;754
4308656;Garruchos;RS;3234;32,7;67,3;52;48;310;12,2;1090;819;272;1,2;98,5;0,3;427,5;822,29;648,72;510;510
4308706;Gaurama;RS;5862;57,8;42,2;48,3;51,7;198;4,1;1990;1362;633;39,7;60,1;0,2;718,5;1121,49;904,87;800;580
4308805;General Câmara;RS;8447;58,8;41,2;50,1;49,9;634;9,5;3001;2050;962;48;51,9;0,2;552,9;1053,03;805,63;580;510
4308854;Gentil;RS;1677;43,1;56,9;53;47;104;7,6;545;430;115;18;82;0;606,76;1022,45;776,09;700;510
4308904;Getúlio Vargas;RS;16154;85,8;14,2;48,6;51,4;545;4,1;5632;3983;1655;55,5;44,5;0;734,93;1335,96;859,42;830;543
4309001;Giruá;RS;17075;75,6;24,4;48,8;51,2;912;6,7;5758;3631;2157;12;87,9;0,1;547,67;1078,51;725,27;600;510
4309050;Glorinha;RS;6891;30;70;51,3;48,7;442;8,1;2390;1776;617;40,3;59,7;0,1;631,55;1201,1;832,81;800;554
4309100;Gramado;RS;32273;89,9;10,1;48,6;51,4;723;2,8;11140;6904;4244;80,5;19,5;0;867,28;1482,28;1068,73;1000;700
4309126;Gramado dos Loureiros;RS;2269;23,2;76,8;50,7;49,3;222;12,8;722;502;222;49,2;50,4;0,4;452,52;844,56;688,89;510;510
4309159;Gramado Xavier;RS;3970;13,3;86,7;51,5;48,5;286;9,9;1215;1018;199;8,8;87,7;3,5;403,78;1009,49;685,45;600;510
4309209;Gravataí;RS;255660;95,2;4,8;48,8;51,2;6289;3,2;82378;48580;33862;68,5;31,5;0;647,6;1297,87;912,98;1000;600
4309258;Guabiju;RS;1598;46,2;53,8;50,4;49,6;62;4,6;531;432;99;45;55;0;1086,56;1901,43;1041,25;1000;600
4309308;Guaíba;RS;95204;97,8;2,2;48,5;51,5;2829;3,8;31242;18094;13176;82,6;17,4;0;635,62;1278,63;873,37;900;600
4309407;Guaporé;RS;22814;91,3;8,7;48,8;51,2;699;3,8;7632;4713;2925;88;12;0;842,92;1367,12;959,13;1000;700
4309506;Guarani das Missões;RS;8115;62;38;48,7;51,3;330;5;2697;2015;685;2,7;97,3;0,1;578,31;1096,68;758,89;700;510
4309555;Harmonia;RS;4254;57,7;42,3;50,6;49,4;72;2,1;1419;1042;382;29,7;70,3;0;787,67;1246,25;879,29;1000;670
4309571;Herveiras;RS;2954;13;87;52,2;47,8;228;10,2;916;779;140;1,9;94,4;3,7;443,88;709,48;665,04;510;510
4309605;Horizontina;RS;18348;79,4;20,6;48,8;51,2;432;2,9;6578;4748;1838;43,4;56,6;0;824,11;1514,59;906,65;1000;600
4309654;Hulha Negra;RS;6043;48,1;51,9;51,7;48,3;385;8,7;1926;1405;546;39,5;58,9;1,6;404,69;919,62;621,5;600;510
4309704;Humaitá;RS;4919;59,2;40,8;48,5;51,5;144;3,5;1719;1034;693;20,2;79,7;0,1;716,88;1118,03;899,76;700;535
4309753;Ibarama;RS;4371;24,1;75,9;51;49;231;6,8;1372;1010;363;19,8;79,2;1;516,72;754,04;713,37;510;510
4309803;Ibiaçá;RS;4710;60,5;39,5;48,6;51,4;263;6,7;1647;1138;510;29,7;69,9;0,4;835,27;1426,27;935,78;1000;510
4309902;Ibiraiaras;RS;7171;53,2;46,8;50;50;340;6;2204;1597;608;42,4;57,4;0,2;636,21;1149,98;790,55;750;510
4309951;Ibirapuitã;RS;4061;58,9;41,1;50,8;49,2;316;10;1394;896;501;7;92,7;0,4;487,69;917,46;720,19;510;510
4310009;Ibirubá;RS;19310;79,5;20,5;49,1;50,9;542;3,4;6759;4792;1986;19;80,9;0,1;951,74;1734,99;993,28;1000;650
4310108;Igrejinha;RS;31660;95,4;4,6;48,8;51,2;857;3,5;10594;6902;3713;64,2;35,8;0;696;1159,13;853,16;800;650
4310207;Ijuí;RS;78915;90,7;9,3;48,3;51,7;2639;4,2;26781;16235;10615;56,8;43,2;0;808,66;1488,39;1026,37;900;600
4310306;Ilópolis;RS;4102;53,8;46,2;50,1;49,9;227;6,8;1277;920;361;42;57,9;0,2;718,87;1058,95;891,77;700;520
4310330;Imbé;RS;17670;99,9;0,1;49;51;435;3,2;6011;3355;2672;79,6;20,4;0;734,87;1457,11;991,85;950;600
4310363;Imigrante;RS;3023;49,6;50,4;49,5;50,5;34;1,3;1064;686;378;26,8;73;0,2;851,04;1252,43;884,63;985;700
4310405;Independência;RS;6618;62,8;37,2;49,8;50,2;420;7,9;2258;1583;682;5,4;94,6;0,1;593,4;1011,83;750,53;600;510
4310413;Inhacorá;RS;2267;59,4;40,6;50,6;49,4;186;10,6;756;561;195;25,9;73,8;0,3;442,17;829,29;603,15;510;510
4310439;Ipê;RS;6016;48,4;51,6;51,2;48,8;310;6,3;1990;1271;724;52,3;47,4;0,3;685,79;1128,24;808,55;800;600
4310462;Ipiranga do Sul;RS;1944;34,9;65,1;50;50;56;3,4;648;541;108;28,9;71;0,2;1149,56;2519,74;878,15;1120;510
4310504;Iraí;RS;8078;55,2;44,8;50,4;49,6;601;9,4;2641;1723;924;22,3;76,6;1,1;482,83;919,32;733,61;510;510
4310538;Itaara;RS;5010;79,2;20,8;50,8;49,2;225;5,7;1662;1080;583;40,6;59,3;0,1;767,87;1503,67;985,87;708,5;510
4310553;Itacurubi;RS;3441;34,4;65,6;51,7;48,3;222;8,4;1192;908;293;11,4;87,9;0,7;399,06;807,38;628,3;510;510
4310579;Itapuca;RS;2344;23,8;76,2;52,6;47,4;166;9,1;716;636;80;2,1;92,9;5;478,15;927,38;676,61;510;510
4310603;Itaqui;RS;38159;87,3;12,7;49,9;50,1;1793;6,3;11605;7514;4113;61,3;38,6;0,1;512,71;1078,89;769,13;650;510
4310652;Itati;RS;2584;8,2;91,8;51,9;48,1;265;12,9;910;696;223;2,2;97,5;0,3;465,18;800,5;760,23;510;510
4310702;Itatiba do Sul;RS;4171;41,5;58,5;52,2;47,8;375;11,2;1352;1077;277;27,9;71,2;1;459,76;796,74;639,08;510;510
4310751;Ivorá;RS;2156;32,7;67,3;50,9;49,1;87;4,8;685;440;247;39,6;60,3;0,1;602,44;961,94;779,32;510;510
4310801;Ivoti;RS;19874;90,9;9,1;49,3;50,7;303;1,9;6687;4730;1959;66,1;33,9;0;911,49;1546,53;1029,64;1000;700
4310850;Jaboticaba;RS;4098;36,3;63,7;50,8;49,2;383;12,2;1343;1055;288;6,9;92,6;0,4;392,7;855,79;604,28;510;510
4310876;Jacuizinho;RS;2507;22,4;77,6;51,2;48,8;229;11,7;816;678;142;1,2;94,2;4,5;463,84;1048,8;632,53;510;510
4310900;Jacutinga;RS;3633;70,8;29,2;49;51;189;6,2;1219;944;283;54,9;45;0,1;600,36;1022,12;732,94;700;510
4311007;Jaguarão;RS;27931;93,5;6,5;48,6;51,4;1462;6,6;10017;5702;4334;60,8;39,2;0,1;578,1;1113,38;807,37;600;510
4311106;Jaguari;RS;11473;56,9;43,1;50;50;559;5,8;3992;2822;1173;27,8;71,3;0,9;615,55;1033,84;834,36;590;510
4311122;Jaquirana;RS;4177;58,2;41,8;51,3;48,7;330;10,7;1372;875;499;35,6;63,9;0,5;376,8;803,76;576,07;511;510
4311130;Jari;RS;3575;17,1;82,9;52,7;47,3;219;7,7;1211;1033;178;1,2;96,5;2,2;397,16;807,2;623,2;510;510
4311155;Jóia;RS;8331;25,1;74,9;51,7;48,3;402;6,3;2689;1976;724;18,4;81,2;0,4;614,15;1356,61;771,6;600;510
4311205;Júlio de Castilhos;RS;19579;82,3;17,7;49,2;50,8;854;5,7;6345;3545;2834;45;55;0,1;606,33;1278,12;835,86;600;510
4311239;Lagoa Bonita do Sul;RS;2662;14,4;85,6;52,7;47,3;218;10,7;854;657;201;12,2;84,7;3,2;492;746,91;707,39;510;510
4311254;Lagoão;RS;6185;26,8;73,2;51,7;48,3;926;20,1;1938;1360;587;9;77,2;13,8;366,06;642,08;566,32;510;510
4311270;Lagoa dos Três Cantos;RS;1598;50,5;49,5;48,6;51,4;30;2,2;557;382;176;19,7;80,3;0;890,25;1359,24;1062,39;900;600
4311304;Lagoa Vermelha;RS;27525;87,7;12,3;49,3;50,7;1605;7,4;9463;5761;3710;77;22,9;0,1;672,04;1265,05;888,78;700;510
4311403;Lajeado;RS;71445;99,6;0,4;48,6;51,4;1554;2,7;24962;14569;10411;76,5;23,5;0;980,45;1669,81;1125,29;1000;749
4311429;Lajeado do Bugre;RS;2487;28,4;71,6;50,4;49,6;336;18,3;802;647;155;1;97,9;1,1;278,03;707,48;537,3;510;510
4311502;Lavras do Sul;RS;7679;62;38;49,2;50,8;549;9,2;2637;1638;1004;58,5;40,6;0,9;503,94;964,03;707;510;510
4311601;Liberato Salzano;RS;5780;22,4;77,6;51;49;583;12,7;1827;1490;340;4,4;95,2;0,4;476,95;823,9;629,9;510;510
4311627;Lindolfo Collor;RS;5227;82;18;51,3;48,7;152;3,8;1746;1200;549;60,4;39,6;0;588,2;1039,78;707,81;800;600
4311643;Linha Nova;RS;1624;25,6;74,4;49,8;50,2;39;2,9;547;440;107;38;62;0;658,91;1022,14;802,79;750;600
4311700;Machadinho;RS;5510;61,4;38,6;50;50;456;10,6;1907;1238;672;55,6;43,9;0,5;555,04;1038,15;717,34;510;510
4311718;Maçambará;RS;4738;27,6;72,4;51;49;333;9,4;1489;1200;294;25,9;73,9;0,2;427,58;950,34;660,04;630;510
4311734;Mampituba;RS;3003;18,9;81,1;51,6;48,4;238;10,2;1013;809;204;19,8;79,1;1,1;378,22;712,02;621,53;510;510
4311759;Manoel Viana;RS;7072;75,8;24,2;50,3;49,7;537;9,8;2505;1769;737;7,8;92,1;0,1;484,36;943,53;650,83;510;510
4311775;Maquiné;RS;6905;29,9;70,1;51;49;412;7,6;2322;1770;560;34;65,2;0,8;525,6;956,73;719,85;600;510
4311791;Maratá;RS;2527;29,8;70,2;50,3;49,7;64;3,1;840;640;202;61,7;38,3;0;659,61;1013,69;769,21;700;510
4311809;Marau;RS;36364;86,8;13,2;49,6;50,4;880;3;12177;7419;4768;74,3;25,7;0;783,36;1384,48;946,82;1000;700
4311908;Marcelino Ramos;RS;5134;53;47;49,8;50,2;268;6,4;1759;1176;597;44,9;54,6;0,5;654,16;1081,79;848,23;700;527,5
4311981;Mariana Pimentel;RS;3768;16,9;83,1;52,3;47,7;232;7,6;1389;1066;335;22,3;76,5;1,2;498,99;846,04;708,62;510;510
4312005;Mariano Moro;RS;2210;52,2;47,8;51,3;48,7;132;7,3;758;551;208;53,2;46,8;0;834,49;1307,59;1037,75;750;650
4312054;Marques de Souza;RS;4068;38;62;50,1;49,9;238;6,9;1435;1028;409;40,1;59,2;0,6;730,44;1073,13;848,19;760;600
4312104;Mata;RS;5111;51,2;48,8;50,4;49,6;310;7,5;1844;962;883;33,5;64,8;1,7;490,35;856,6;662,27;510;510
4312138;Mato Castelhano;RS;2470;21,1;78,9;52,3;47,7;184;9,4;804;690;148;27,9;71,8;0,4;708,67;1343,7;848,62;780;510
4312153;Mato Leitão;RS;3865;41,9;58,1;50,1;49,9;119;3,8;1324;823;505;75,4;24,6;0;639,56;972,35;780,7;700;550
4312179;Mato Queimado;RS;1799;26,6;73,4;50,1;49,9;110;7,6;620;481;139;16,5;83,4;0,2;567,64;982,16;742,48;600;510
4312203;Maximiliano de Almeida;RS;4911;60,6;39,4;50,2;49,8;345;8,8;1620;1189;432;38,6;61,3;0,1;502,25;935,09;640,04;600;510
4312252;Minas do Leão;RS;7631;96,2;3,8;49,5;50,5;592;10,3;2470;1630;842;67,8;32,2;0;507,02;1156,8;709,49;800;510
4312302;Miraguaí;RS;4855;42,6;57,4;49,7;50,3;369;9,7;1626;1245;381;23,5;75,2;1,4;567,41;1163,42;722,09;510;510
4312351;Montauri;RS;1542;41,8;58,2;51,5;48,5;87;6,6;468;404;65;30,8;69,2;0;959,51;1272,94;1033,13;1000;800
4312377;Monte Alegre dos Campos;RS;3102;20,8;79,2;53,5;46,5;249;10,7;988;748;243;3,4;91,1;5,5;391,26;788,11;709,86;510;510
4312385;Monte Belo do Sul;RS;2670;28,8;71,2;50,4;49,6;56;2,4;826;605;222;7,5;92,5;0;738,32;1254,76;910,07;1000;780
4312401;Montenegro;RS;59415;90,3;9,7;49,2;50,8;1753;3,7;19940;12162;7800;74,4;25,6;0;760,78;1430,58;968,12;900;630
4312427;Mormaço;RS;2749;21,8;78,2;50,8;49,2;220;10,2;879;725;164;23,3;76,7;0;553,7;1094,77;694,66;600;510
4312443;Morrinhos do Sul;RS;3182;40,9;59,1;50,8;49,2;232;8,7;1156;810;349;12,4;87,5;0,1;615,02;1123,62;755,28;700;510
4312450;Morro Redondo;RS;6227;42,5;57,5;50,3;49,7;463;9;2302;1683;624;30,8;68,1;1,1;547,46;942,21;772,08;510;510
4312476;Morro Reuter;RS;5676;85,3;14,7;50,2;49,8;49;1;1928;1446;483;64,7;35,3;0,1;724,4;1110,21;806,31;800;600
4312500;Mostardas;RS;12124;67,2;32,8;51;49;1064;11,3;4128;2777;1357;23,7;76,2;0;520,58;1102,9;696,16;550;510
4312609;Muçum;RS;4791;84,4;15,6;48;52;179;4,5;1682;923;760;54,5;45,5;0,1;774,02;1228,45;850,63;890;600
4312617;Muitos Capões;RS;2988;32,5;67,5;51,4;48,6;151;6,7;986;809;178;6,9;93;0,1;529,57;1088,23;732,95;700;510
4312625;Muliterno;RS;1813;28;72;50,9;49,1;97;6,8;544;433;111;27,8;70,4;1,8;658,13;1351,82;743,42;800;510
4312658;Não0Me0Toque;RS;15936;87,6;12,4;49,3;50,7;491;3,8;5505;3390;2125;42,9;57,1;0;856,13;1529,26;924,38;1000;600
4312674;Nicolau Vergueiro;RS;1721;37;63;50,1;49,9;79;5,7;618;500;118;9,2;90,5;0,3;789,74;1499,71;867,41;900;510
4312708;Nonoai;RS;12074;75,1;24,9;49,1;50,9;1016;11;3937;2484;1466;21,2;78,1;0,7;541,58;1070,1;739,31;650;510
4312757;Nova Alvorada;RS;3182;41,9;58,1;50,2;49,8;198;7,8;981;683;302;5,8;93,7;0,5;682,09;1315,91;780,95;700;510
4312807;Nova Araçá;RS;4001;72;28;48,9;51,1;83;2,5;1296;1053;243;61;39;0;927,34;1631,4;915,19;1000;700
4312906;Nova Bassano;RS;8840;62,4;37,6;50,7;49,3;239;3,3;2651;2072;580;51,2;48,7;0,1;899,31;1466,22;987,21;1000;700
4312955;Nova Boa Vista;RS;1960;29,5;70,5;50,1;49,9;42;2,5;667;496;171;24,6;75,4;0;819,31;1632,76;762,1;1000;510
4313003;Nova Bréscia;RS;3184;47,5;52,5;51,2;48,8;100;3,7;1050;841;209;17;82,8;0,3;1194,28;2298,18;978,99;800;530
4313011;Nova Candelária;RS;2751;25,8;74,2;51,1;48,9;50;2,2;914;722;192;56,8;43,2;0;768,69;1484,77;933,33;1000;600
4313037;Nova Esperança do Sul;RS;4671;77;23;49,4;50,6;197;5,2;1589;1052;539;12,1;87,9;0,1;599,58;991,68;734,91;600;510
4313060;Nova Hartz;RS;18346;83,2;16,8;49,4;50,6;464;3,3;5917;3920;1999;4,2;95,8;0;548,83;933,69;731,24;670;600
4313086;Nova Pádua;RS;2450;29,9;70,1;51,3;48,7;75;3,6;728;624;105;49,5;50,5;0;796,86;1091,26;905,22;1000;800
4313102;Nova Palma;RS;6342;48,6;51,4;50,7;49,3;184;3,6;1902;1430;474;52,2;47,2;0,6;724,15;1365,01;1007,16;715;510
4313201;Nova Petrópolis;RS;19045;74,2;25,8;49,2;50,8;319;2;6627;4387;2255;69,1;30,9;0,1;885,58;1396,37;999,32;1000;700
4313300;Nova Prata;RS;22830;81,7;18,3;49,5;50,5;536;2,9;7602;4657;2953;73;26,9;0;861,34;1459,8;977,15;1000;700
4313334;Nova Ramada;RS;2437;27,5;72,5;51,1;48,9;128;6,4;849;670;179;2,6;97,2;0,2;724,23;1312,38;908,26;750;510
4313359;Nova Roma do Sul;RS;3343;47,4;52,6;51,1;48,9;127;4,6;1038;718;322;35,6;64,4;0;850,54;1384,16;915,09;1000;630,5
4313375;Nova Santa Rita;RS;22716;85,7;14,3;50,4;49,6;769;4,5;7218;4039;3187;27,1;72,9;0;597,09;1250,78;864,28;980;600
4313391;Novo Cabrais;RS;3855;14,1;85,9;50,5;49,5;271;8,7;1348;1063;295;36,1;63,6;0,3;517,98;861,51;653,89;510;510
4313409;Novo Hamburgo;RS;238940;98,3;1,7;48,4;51,6;6316;3,4;80409;46630;33870;71,9;28,1;0;833,75;1566,3;1087,06;900;670
4313425;Novo Machado;RS;3925;39,6;60,4;49,6;50,4;235;7,2;1415;1154;263;6,4;93,4;0,3;478,23;818,34;667,64;510;510
4313441;Novo Tiradentes;RS;2277;28,7;71,3;52,3;47,7;276;15,3;721;609;112;7,6;92,2;0,1;467,54;685,96;632,3;510;510
4313466;Novo Xingu;RS;1757;31,5;68,5;49;51;81;5,5;575;484;91;20,7;79,3;0;692,1;1119,25;800,79;710;550
4313490;Novo Barreiro;RS;3978;32,8;67,2;51,1;48,9;344;10,8;1315;1008;309;3,7;96;0,2;511,47;953,11;665,2;510;510
4313508;Osório;RS;40906;92,7;7,3;49,3;50,7;1348;4,2;13415;8412;5036;53,7;46,2;0;782,86;1472,28;1031,39;934;600
4313607;Paim Filho;RS;4243;53,1;46,9;49,8;50,2;264;7,6;1364;1130;235;26,5;73,3;0,2;549,97;987,01;746,23;600;510
4313656;Palmares do Sul;RS;10969;89,4;10,6;49,8;50,2;715;8,2;3893;2614;1299;45,1;54,6;0,3;553,07;1071,86;824,2;700;510
4313706;Palmeira das Missões;RS;34328;86,9;13,1;48,5;51,5;2303;8,7;11095;6945;4179;30,5;69,4;0,1;597,67;1229,45;811,28;700;510
4313805;Palmitinho;RS;6920;49;51;50,5;49,5;495;8,9;2291;1622;671;30,4;68,2;1,4;529,82;960,84;713,57;600;510
4313904;Panambi;RS;38058;90,8;9,2;50;50;893;3;12996;8852;4159;57,2;42,8;0;733,72;1400,1;874,94;1000;600
4313953;Pantano Grande;RS;9895;84;16;49,6;50,4;798;10,6;3377;2125;1253;75,9;24;0,1;465,48;986,63;667,95;620;510
4314001;Paraí;RS;6812;56;44;50,7;49,3;154;2,7;2146;1810;337;50,6;49,4;0;869,79;1587,94;836,09;1000;600
4314027;Paraíso do Sul;RS;7336;38,9;61,1;50,4;49,6;452;7,6;2522;1837;689;31;68,2;0,8;534,12;836,03;716,66;550;510
4314035;Pareci Novo;RS;3511;27,9;72,1;50,8;49,2;48;1,7;1177;484;693;50,8;49,2;0;706,22;1130,08;882,54;855;600
4314050;Parobé;RS;51502;94,4;5,6;49,4;50,6;1772;4,6;16807;10195;6635;41,7;58,3;0;558,81;1003,58;752,06;750;600
4314068;Passa Sete;RS;5154;10,8;89,2;52;48;503;12,8;1616;1368;251;6,7;84,9;8,4;379,45;582,47;554,14;500;500
4314076;Passo do Sobrado;RS;6011;23,8;76,2;49,8;50,2;291;5,9;2078;1656;432;36,7;62,8;0,5;589,83;1034,04;797,84;625;539
4314100;Passo Fundo;RS;184826;97,5;2,5;47,6;52,4;5211;3,6;61744;34623;27234;54,1;45,9;0;888,22;1670,14;1139,25;1000;700
4314134;Paulo Bento;RS;2196;27;73;51,3;48,7;75;4,1;699;542;157;17,7;82,3;0;690,87;1073,09;786,21;750;550
4314159;Paverama;RS;8044;50,9;49,1;50,3;49,7;412;6,4;2877;1997;887;25,4;74,4;0,2;562,5;855,66;688,46;620;510
4314175;Pedras Altas;RS;2212;34,7;65,3;52,5;47,5;167;10;758;549;209;35,2;64;0,8;396,05;808,97;638,97;510;510
4314209;Pedro Osório;RS;7811;93,5;6,5;49;51;534;8,7;2836;1576;1266;34;66;0;463,18;908,88;688,54;510;510
4314308;Pejuçara;RS;3973;67,3;32,7;50,5;49,5;139;4,3;1266;937;334;6,1;93,9;0;732,57;1490,58;839,41;800;510
4314407;Pelotas;RS;328275;93,3;6,7;47;53;10857;4,1;113951;60477;53570;81,9;18;0,2;734,91;1423,4;1056,04;800;600
4314423;Picada Café;RS;5182;88;12;50,1;49,9;100;2,3;1737;1260;478;67,7;32,1;0,2;732,02;1117,99;819,3;800;615
4314456;Pinhal;RS;2513;51,3;48,7;50,7;49,3;188;9,3;818;537;281;50,7;49,1;0,1;538,41;963,98;753,23;655;510
4314464;Pinhal da Serra;RS;2130;22,4;77,6;52,1;47,9;138;8,3;745;620;125;2,8;95,3;1,9;413,94;817,01;667,09;510;510
4314472;Pinhal Grande;RS;4471;42,4;57,6;51,8;48,2;279;8;1393;1143;253;38,9;57,1;4;456,26;967,91;718,04;510;510
4314498;Pinheirinho do Vale;RS;4497;20,3;79,7;50,6;49,4;362;10,4;1432;992;449;6,8;92,2;1;583,39;1280,65;714,32;600;510
4314506;Pinheiro Machado;RS;12780;76,6;23,4;49,9;50,1;1009;9,8;4725;2927;1802;71,4;27,5;1,1;497,36;967,43;701,77;600;510
4314555;Pirapó;RS;2757;28,2;71,8;50,7;49,3;310;13,7;962;637;329;28;71,6;0,4;446,89;727,87;650,29;510;510
4314605;Piratini;RS;19841;58,3;41,7;50,9;49,1;1646;10,4;7236;4866;2385;44,5;52;3,5;445,5;816,18;645,3;510;510
4314704;Planalto;RS;10524;56,4;43,6;49,5;50,5;933;11,3;3453;2537;929;25,3;72,9;1,8;463,02;836,61;626,89;510;510
4314753;Poço das Antas;RS;2017;42,7;57,3;50,7;49,3;46;2,7;690;517;173;92,6;7,4;0;710,67;1064,36;800,08;750;590
4314779;Pontão;RS;3857;40,4;59,6;51,4;48,6;143;4,8;1274;1057;224;6,5;93,5;0;526,48;1152,44;712,24;717,5;510
4314787;Ponte Preta;RS;1750;29,3;70,7;52,8;47,2;96;6,4;546;483;63;16,7;83,3;0;657,44;1040,17;733,33;700;510
4314803;Portão;RS;30920;81,7;18,3;50,2;49,8;1105;4,6;10127;6452;3689;27,6;72,4;0;611,02;1173,08;817,71;800;600
4314902;Porto Alegre;RS;1409351;100;0;46,4;53,6;26051;2,3;508456;255297;253795;93,9;6,1;0;1398,45;2556,25;1822,41;1200;1000
4315008;Porto Lucena;RS;5413;43,1;56,9;49,8;50,2;392;8,6;1978;1513;479;11,2;88,6;0,2;527,69;776,05;694,6;510;510
4315057;Porto Mauá;RS;2542;37,5;62,5;49,7;50,3;139;6,6;833;614;227;40,8;59,1;0,1;464,42;828,26;679,37;510;510
4315073;Porto Vera Cruz;RS;1852;23,8;76,2;50,5;49,5;120;7,9;683;486;201;23,6;76,4;0;455,61;715,47;632,17;510;510
4315107;Porto Xavier;RS;10558;49,3;50,7;50,2;49,8;928;11,1;3609;2288;1333;44,3;55,3;0,3;505,8;960,96;655,87;510;510
4315131;Pouso Novo;RS;1875;33,7;66,3;50,8;49,2;137;9;623;422;205;12,4;86,5;1,1;759,97;1452,08;927,03;750;510
4315149;Presidente Lucena;RS;2484;60,8;39,2;52,7;47,3;45;2,2;791;637;155;68,3;31,7;0;687,24;972,89;828,64;800;600
4315156;Progresso;RS;6163;30,4;69,6;51,6;48,4;436;8,8;2011;1678;337;17,3;80;2,7;577,1;837,9;747,09;510;510
4315172;Protásio Alves;RS;2000;21,4;78,7;54;46,1;117;6,9;627;521;106;49,3;50,7;0;856,28;1563,97;824,29;800;510
4315206;Putinga;RS;4141;38,1;61,9;50,6;49,4;303;8,8;1328;1074;258;40,8;58,1;1,1;663,59;1123,81;767,75;600;510
4315305;Quaraí;RS;23021;92,6;7,4;48,8;51,2;989;5,6;7570;4429;3149;82,8;17,1;0,1;478,54;976,55;710,81;510;510
4315313;Quatro Irmãos;RS;1775;51,6;48,4;50,1;49,9;134;9,7;571;457;114;44,5;55,2;0,4;473,49;959,52;596,27;700;510
4315321;Quevedos;RS;2710;31,4;68,6;53,4;46,6;183;8,5;922;748;177;10,2;88;1,8;440,35;815,44;590,22;510;510
4315354;Quinze de Novembro;RS;3653;53,7;46,3;49,2;50,8;98;3,2;1269;992;280;13,4;86,6;0;1014,08;1670,31;1105,31;1000;600
4315404;Redentora;RS;10222;29,4;70,6;51;49;1111;16,3;2757;1966;792;3,8;91,8;4,4;286,74;757,78;570,14;510;510
4315453;Relvado;RS;2155;34,1;65,9;49,7;50,3;86;4,7;721;600;122;41,3;58,7;0;674,53;1067,64;784,22;610;510
4315503;Restinga Sêca;RS;15849;56,7;43,3;49,3;50,7;907;7,1;5353;3488;1890;35,6;64,3;0,1;553,38;1064,88;760,27;600;510
4315552;Rio dos Índios;RS;3616;20,9;79,1;51,4;48,6;427;14,8;1170;920;262;0,8;95,8;3,4;424,14;796,27;604,5;510;510
4315602;Rio Grande;RS;197228;96;4;48,2;51,8;7208;4,7;66606;36135;30535;83,3;16,7;0;709,67;1441,69;1008,33;900;570
4315701;Rio Pardo;RS;37591;68,1;31,9;48,7;51,3;2462;8,3;12745;7639;5143;61,1;38,7;0,2;525,05;1035,22;798,02;600;510
4315750;Riozinho;RS;4330;63,5;36,5;50,9;49,1;283;8,4;1448;1017;432;30,6;68,8;0,6;531,09;851,2;697,62;600;540
4315800;Roca Sales;RS;10284;64,2;35,8;49,5;50,5;268;3,2;3556;1994;1573;73,9;26;0;702,95;1073,09;802,7;750;600
4315909;Rodeio Bonito;RS;5743;75;25;49,6;50,4;363;7,9;2011;1544;471;20,2;79,6;0,2;680,35;1142,61;790,28;700;510
4315958;Rolador;RS;2546;23,9;76,1;51,8;48,2;161;7,8;871;617;256;21,5;78,4;0,1;429,96;771,9;607,08;510;510
4316006;Rolante;RS;19485;78,6;21,4;50,1;49,9;1014;6,6;6696;4424;2280;42,7;57,1;0,2;594,09;932,94;742,9;600;554,5
4316105;Ronda Alta;RS;10221;67,2;32,8;49;51;578;7,2;3048;2028;1040;35,3;64,4;0,3;635,64;1149,1;814,61;650;510
4316204;Rondinha;RS;5518;42;58;49,3;50,7;195;4,3;1670;1402;270;35,1;64,9;0;789,66;1567,95;781,79;1000;510
4316303;Roque Gonzales;RS;7203;42,9;57,1;50,3;49,7;411;7,1;2383;1700;698;18,3;81,5;0,3;521,07;979,51;656,04;510;510
4316402;Rosário do Sul;RS;39707;88;12;48,6;51,4;2401;7,7;13158;8256;4925;59,5;40,3;0,2;559,21;1116,33;771,31;600;510
4316428;Sagrada Família;RS;2595;30,3;69,7;51,6;48,4;267;13;853;590;264;9,8;89,8;0,4;391,04;733,9;583,06;510;510
4316436;Saldanha Marinho;RS;2869;67,2;32,8;48,4;51,6;126;5,2;1039;530;510;6,6;93,4;0;799,59;1303,58;979,93;845;510
4316451;Salto do Jacuí;RS;11880;85,9;14,1;49,5;50,5;768;8,6;3853;2446;1436;36,5;63,3;0,2;560,62;1219,27;764,43;700;510
4316477;Salvador das Missões;RS;2669;41;59;51,6;48,4;42;1,9;892;712;183;39,6;60,4;0;623,54;955,89;746,62;700;510
4316501;Salvador do Sul;RS;6747;59,4;40,6;50,6;49,4;127;2,3;2186;1347;843;78;21,9;0;755,51;1161,98;856,96;850;650
4316600;Sananduva;RS;15373;69,6;30,4;49,5;50,5;702;5,5;5330;3897;1439;60,2;39,7;0,1;750,48;1316,76;817,43;900;520
4316709;Santa Bárbara do Sul;RS;8829;79,1;20,9;49,2;50,8;476;6,7;3059;2042;1023;24,6;75,4;0;641,73;1350,74;780,25;800;510
4316733;Santa Cecília do Sul;RS;1655;29;71;50,7;49,3;69;5,1;532;453;80;9,2;90;0,8;785,83;1641,82;886,29;1000;510
4316758;Santa Clara do Sul;RS;5697;50,1;49,9;49,9;50,1;184;3,9;1918;810;1110;51,1;48,5;0,3;757,26;1133,06;827,18;800;600
4316808;Santa Cruz do Sul;RS;118374;88,9;11,1;48,1;51,9;3226;3,4;40540;25076;15498;86,3;13,6;0,1;874,08;1555,75;1055,44;900;670
4316907;Santa Maria;RS;261031;95,1;4,9;47,4;52,6;6651;3,2;87450;48748;38783;79,1;20,9;0;938,61;1799,2;1293,97;1000;700
4316956;Santa Maria do Herval;RS;6053;72,1;27,9;51,2;48,8;97;1,9;2033;1468;568;33,6;66,3;0,1;621,1;900,22;702,96;650;560
4316972;Santa Margarida do Sul;RS;2352;23,5;76,5;54,1;45,9;226;12,1;761;655;153;18,5;81,2;0,3;557,85;1091,75;650;580;510
4317004;Santana da Boa Vista;RS;8242;45,2;54,8;50,6;49,4;927;14;2953;2099;858;33,1;62,9;4,1;362,02;692,45;560,61;510;510
4317103;Sant'Ana do Livramento;RS;82464;90,2;9,8;47,7;52,3;2687;4,2;27381;15522;11886;75,1;24,8;0,1;586,34;1161,02;856,62;600;510
4317202;Santa Rosa;RS;68587;88;12;48,8;51,2;2063;3,8;23356;14733;8651;37,9;62,1;0;757,99;1387,91;937,87;900;600
4317251;Santa Tereza;RS;1720;36,5;63,5;51,7;48,3;52;3,5;568;466;102;75,5;24,5;0;791,85;1114,99;899,27;840;742
4317301;Santa Vitória do Palmar;RS;30990;86,8;13,2;49,9;50,1;1556;6,5;11230;6224;5022;72,8;27,1;0,1;550,96;1102,66;811,49;600;510
4317400;Santiago;RS;49071;91,2;8,8;48;52;1826;4,6;17202;10309;6928;71,1;28,9;0,1;715,96;1352,94;914,35;720;510
4317509;Santo Ângelo;RS;76275;94,1;5,9;48;52;2550;4,2;25734;15530;10235;29,5;70,5;0;791,44;1493,04;1000,69;800;577
4317558;Santo Antônio do Palma;RS;2139;31,8;68,2;52;48;92;5,2;655;562;93;16,8;82,9;0,3;861,94;1398,6;987,47;800;600
4317608;Santo Antônio da Patrulha;RS;39685;70,8;29,2;49,8;50,2;2851;9;13791;8090;5714;42,8;57;0,3;592,65;1026,05;789,78;700;510
4317707;Santo Antônio das Missões;RS;11210;60,6;39,4;49,8;50,2;821;9,3;3819;2346;1485;7,8;92;0,2;433,35;793,59;625,81;510;510
4317756;Santo Antônio do Planalto;RS;1987;62,1;37,9;49,3;50,7;88;5,5;694;516;178;12;88;0;559,34;1077,55;720,5;800;510
4317806;Santo Augusto;RS;13968;81,5;18,5;48,8;51,2;1010;9;4791;3189;1603;7,9;92;0,1;701,55;1388,92;825,8;670;510
4317905;Santo Cristo;RS;14378;54,1;45,9;50;50;307;2,6;4856;3583;1282;28,9;71;0,1;724,33;1332,05;804,22;800;510
4317954;Santo Expedito do Sul;RS;2461;35,4;64,6;50,3;49,7;155;7,6;821;688;133;43,5;56,4;0,1;541,43;824,81;666,4;510;510
4318002;São Borja;RS;61671;89,4;10,6;49;51;3126;6,5;19594;11762;7852;55,7;44,2;0,1;570,94;1230,8;783,97;695;510
4318051;São Domingos do Sul;RS;2926;59,7;40,3;50,2;49,8;108;4,4;947;765;182;51,5;48,5;0;831,64;1358,04;898,12;1000;510
4318101;São Francisco de Assis;RS;19254;70,1;29,9;49,3;50,7;1346;8,7;6807;4412;2403;19,3;80,3;0,4;483,82;901,13;670,24;510;510
4318200;São Francisco de Paula;RS;20537;63,3;36,7;50,7;49,3;1160;7,5;6718;4213;2516;48,9;50,5;0,6;543,53;1023,51;798,01;650;510
4318309;São Gabriel;RS;60425;89;11;48,7;51,3;3771;8;19975;12327;7860;62,4;37,2;0,3;605,36;1260,04;820,25;600;510
4318408;São Jerônimo;RS;22134;77,1;22,9;49,8;50,2;1475;8,6;7341;4572;2803;64,6;34;1,4;638,17;1268,33;927,3;750;510
4318424;São João da Urtiga;RS;4726;48,5;51,5;50,8;49,2;359;9,1;1600;1352;249;30,2;69,2;0,6;595,19;1094,9;670,87;600;510
4318432;São João do Polêsine;RS;2635;51,4;48,6;48,3;51,7;103;4,6;855;473;382;2,6;96,8;0,6;718,06;1153,83;933,12;640;510
4318440;São Jorge;RS;2774;52,3;47,7;49,7;50,3;88;3,8;907;741;167;51,8;48,2;0;778,27;1413,41;803,64;1000;510
4318457;São José das Missões;RS;2720;30,4;69,6;50,6;49,4;201;9,4;903;694;209;2,2;97,7;0,1;429,81;758,16;602,29;510;510
4318465;São José do Herval;RS;2204;39,3;60,7;51,5;48,5;273;16,3;709;504;208;4,4;94,6;1;526,2;1030,23;666,76;600;510
4318481;São José do Hortêncio;RS;4094;64,6;35,4;51;49;46;1,4;1352;952;401;83,8;16,2;0;638,35;963,73;742,49;800;600
4318499;São José do Inhacorá;RS;2200;37,8;62,2;51,1;48,9;50;2,7;750;599;156;66,8;33,2;0;666,41;930,14;772,45;700;540
4318507;São José do Norte;RS;25503;68,2;31,8;51;49;3481;17,3;8795;5580;3245;45,5;53,7;0,8;407,91;731,38;591,81;510;510
4318606;São José do Ouro;RS;6904;64,1;35,9;49;51;339;6;2320;1603;718;49,4;50,3;0,3;696,67;1377,34;774,74;800;510
4318614;São José do Sul;RS;2082;34,6;65,4;50,5;49,5;41;2,4;699;557;143;53,6;46,4;0;847,63;1320,55;951,63;935;700
4318622;São José dos Ausentes;RS;3290;62,7;37,3;51,5;48,5;177;7,1;1095;719;379;35,2;64,1;0,7;440,06;939,46;691,48;550;510
4318705;São Leopoldo;RS;214087;99,6;0,4;48,7;51,3;5262;3,2;71208;41329;29924;91,7;8,3;0;788,95;1528,78;1071,15;1000;700
4318804;São Lourenço do Sul;RS;43111;56,2;43,8;50,2;49,8;1758;5;13375;9139;4262;49,7;47,3;3;596,52;1056,42;808,84;590;510
4318903;São Luiz Gonzaga;RS;34556;88,3;11,7;48,7;51,3;1825;6,7;11858;7087;4801;56,2;43,6;0,1;642,34;1225,2;863,24;700;510
4319000;São Marcos;RS;20103;87,5;12,5;49;51;635;3,9;6701;4837;1866;78,8;21,2;0;806,72;1427,75;946,63;1000;700
4319109;São Martinho;RS;5773;59,6;40,4;49,2;50,8;294;6,2;2059;1421;648;14,2;85,6;0,1;728,67;1214,9;844,03;650;510
4319125;São Martinho da Serra;RS;3201;29,4;70,6;51,5;48,5;250;9,6;1123;801;322;0,9;97;2,1;457,44;827,18;674,19;510;510
4319158;São Miguel das Missões;RS;7421;50,2;49,8;52,3;47,7;524;9,1;2520;1895;626;13,6;86;0,4;510,75;983,52;701,23;510;510
4319208;São Nicolau;RS;5727;64,5;35,5;50,7;49,3;568;12,9;2006;1239;775;15,6;84,2;0,1;399,39;722,36;584,28;510;510
4319307;São Paulo das Missões;RS;6364;34,6;65,4;50,7;49,3;323;6,2;2043;1684;377;10,6;89;0,4;477,88;744,3;588,64;510;510
4319356;São Pedro da Serra;RS;3315;43,1;56,9;50,8;49,2;52;2;1054;621;435;48,7;51,2;0,1;713,51;1118,43;879,46;840;600
4319364;São Pedro das Missões;RS;1886;28,2;71,8;49,4;50,6;206;14,1;611;506;105;7,9;92,1;0;402,43;835,58;558,56;510;510
4319372;São Pedro do Butiá;RS;2873;42,1;57,9;50,7;49,3;55;2,3;946;678;268;29,1;70,9;0;810,36;1334,33;899,32;800;510
4319406;São Pedro do Sul;RS;16368;72,9;27,1;49,2;50,8;774;5,8;5846;3489;2367;45,8;54;0,2;538,87;953,48;764,61;510;510
4319505;São Sebastião do Caí;RS;21932;80,3;19,7;49;51;609;3,5;7399;4536;2888;63,4;36,5;0;699,51;1227,43;910,48;800;615
4319604;São Sepé;RS;23798;79,1;20,9;49,5;50,5;1433;7,5;8367;5505;2874;67,8;31,8;0,3;563,33;1055,95;768,25;571;510
4319703;São Valentim;RS;3632;48;52;49,9;50,1;281;9,4;1200;877;325;27,5;70,5;2;652,02;1111,83;757,01;600;510
4319711;São Valentim do Sul;RS;2168;34,4;65,6;51,3;48,7;79;4,2;740;510;231;17,7;82,2;0,1;911,1;1612,31;894,46;1000;600
4319737;São Valério do Sul;RS;2647;19,3;80,7;51,9;48,1;259;13,7;735;600;136;7,2;92,5;0,3;462,33;1085,66;711,35;510;510
4319752;São Vendelino;RS;1944;69,6;30,4;51,1;48,9;19;1,2;636;484;153;79,1;20,8;0,2;787,11;1204,82;852,81;1000;670
4319802;São Vicente do Sul;RS;8440;69,7;30,3;49,8;50,2;496;7,5;2841;1776;1066;55,9;44;0,1;553,5;1084,01;732,65;512;510
4319901;Sapiranga;RS;74985;96,4;3,6;49,3;50,7;2233;3,9;24487;14166;10340;56,9;43,1;0;624,85;1117,7;805,3;800;600
4320008;Sapucaia do Sul;RS;130957;99,6;0,4;48,7;51,3;3361;3,3;42735;25073;17707;82,5;17,5;0;617,2;1277,98;844,69;1000;600
4320107;Sarandi;RS;21285;84,3;15,7;48,2;51,8;854;5;6958;3713;3270;72;28;0;789,82;1458,1;861,72;800;570,5
4320206;Seberi;RS;10897;54,4;45,6;49,1;50,9;687;8;3686;2477;1223;10,3;89,3;0,3;521,94;949,59;688,65;510;510
4320230;Sede Nova;RS;3011;52,5;47,5;50,8;49,2;206;8,7;1022;687;340;11,6;88,3;0,1;591,43;1102,06;839,84;600;510
4320263;Segredo;RS;7158;25,2;74,8;51,7;48,3;539;9,8;2223;1854;376;4,4;91,4;4,3;454,58;894,87;666,63;510;510
4320305;Selbach;RS;4929;70;30;48,8;51,2;151;3,7;1658;1109;550;26,1;73,9;0;966,98;1621,31;1099,98;1000;631
4320321;Senador Salgado Filho;RS;2814;31,3;68,7;50;50;138;6;946;718;229;19;80,7;0,3;514,37;1094,14;689,48;600;510
4320354;Sentinela do Sul;RS;5198;24,7;75,3;51,3;48,7;309;7,6;1807;1181;631;9;90;0,9;433,71;769,53;650,65;510;510
4320404;Serafina Corrêa;RS;14253;84,6;15,4;49,8;50,2;361;3,2;4541;3366;1175;56,6;43,4;0;789,56;1310,74;893,01;1000;700
4320453;Sério;RS;2281;23,2;76,8;52,2;47,8;227;11,9;764;633;133;9,9;88,6;1,4;533,51;752,37;671,66;510;510
4320503;Sertão;RS;6294;53,8;46,2;48,4;51,6;314;6,1;2168;1600;570;19,2;80,4;0,3;752,17;1542,35;823,88;900;510
4320552;Sertão Santana;RS;5850;21,8;78,2;50,2;49,8;332;7,2;2012;1446;574;10,8;88,2;1;632,71;1202,45;931,6;700;510
4320578;Sete de Setembro;RS;2124;23,3;76,7;50,9;49,1;88;5;702;561;143;10,4;89,5;0,1;463,97;946,62;610,17;510;510
4320602;Severiano de Almeida;RS;3842;36,4;63,6;50,5;49,5;195;6,1;1263;990;281;39,4;60,2;0,5;618,82;990;758,44;650;510
4320651;Silveira Martins;RS;2449;44,5;55,5;50,1;49,9;110;5,4;813;424;389;32,2;67,3;0,5;687,21;1140,8;855,51;600;510
4320677;Sinimbu;RS;10068;14,3;85,7;51,8;48,2;650;8;3171;2328;846;13,7;81,3;4,9;500,3;759,77;714,36;510;510
4320701;Sobradinho;RS;14283;79,4;20,6;49;51;747;6,6;4843;2989;1867;68,8;30,8;0,3;632,52;1098,01;861,57;660;510
4320800;Soledade;RS;30044;80;20;49;51;2079;8,9;9970;6065;3914;68,1;31,1;0,8;593,13;1118,61;852,31;700;510
4320859;Tabaí;RS;4131;30,2;69,8;50,9;49,1;261;8;1455;1010;450;6,7;92,8;0,5;554,61;972,15;713,24;700;510
4320909;Tapejara;RS;19250;88,7;11,3;48,8;51,2;579;3,7;6522;4435;2090;63,5;36,5;0;797,93;1408,24;867,46;1000;600
4321006;Tapera;RS;10448;84,4;15,6;48,7;51,3;431;5,2;3527;2387;1146;43,1;56,8;0,1;696,33;1300,56;844,97;800;559
4321105;Tapes;RS;16629;87,1;12,9;49,1;50,9;889;7;5788;3367;2428;75,5;24,4;0,1;559,91;1094,66;805,54;600;510
4321204;Taquara;RS;54643;82,8;17,2;49,2;50,8;1843;4,3;18505;11545;6981;55,2;44,8;0,1;728,34;1325,97;952,79;800;600
4321303;Taquari;RS;26092;83,8;16,2;48,6;51,4;1328;6,4;9302;5518;3788;66,1;33,9;0,1;650,35;1210,45;913,88;800;600
4321329;Taquaruçu do Sul;RS;2966;39,2;60,8;51,1;48,9;207;8,6;914;748;169;22,4;77,1;0,4;671,73;1297,9;755,76;700;510
4321352;Tavares;RS;5351;61,7;38,3;51,9;48,1;623;14,4;1963;1397;569;13,1;86,7;0,2;536,74;867,58;690,53;510;510
4321402;Tenente Portela;RS;13719;64,5;35,5;48,9;51,1;895;8,6;4334;2800;1541;12,1;86,6;1,2;541,09;1167,57;850,47;650;510
4321436;Terra de Areia;RS;9878;52,6;47,4;50,2;49,8;556;7,2;3314;1963;1365;7,5;92,5;0;546,19;1043,91;744,68;758;510
4321451;Teutônia;RS;27272;85,5;14,5;49,6;50,4;440;2;9299;6405;2912;79;21;0;758,68;1212,47;856,52;890;600
4321469;Tio Hugo;RS;2724;42,7;57,3;50,4;49,6;137;6,3;927;658;269;9,9;90;0,1;600,28;1152,84;690,23;774;510
4321477;Tiradentes do Sul;RS;6461;32,5;67,5;50,6;49,4;551;10,8;2191;1621;572;6,8;91,6;1,6;497,2;873,24;679,01;510;510
4321493;Toropi;RS;2952;20,7;79,3;52,9;47,1;148;6;1076;751;326;0,2;99,4;0,4;461,51;762;620,34;510;510
4321501;Torres;RS;34656;96,2;3,8;48,6;51,4;1262;4,6;12145;6914;5281;57,3;42,7;0;760,07;1430,43;1025,4;970;600
4321600;Tramandaí;RS;41585;97,6;2,4;48,3;51,7;1281;4,1;13768;7699;6123;52,5;47,5;0;653,39;1333,43;959,16;800;600
4321626;Travesseiro;RS;2314;38,3;61,7;50,6;49,4;79;4;773;566;207;6,6;93,4;0;742,88;1013,2;824;700;610
4321634;Três Arroios;RS;2855;36;64;50;50;98;3,9;947;802;146;47,9;52,1;0;866,06;1324,57;835,42;600;510
4321667;Três Cachoeiras;RS;10217;73,4;26,6;50,5;49,5;485;5,9;3426;2660;772;23,4;76,5;0,1;614;1152,89;765,08;900;510
4321709;Três Coroas;RS;23848;86,2;13,8;49,6;50,4;736;4;7883;5128;2767;60,2;39,7;0,1;684,01;1111,32;829,63;800;650
4321808;Três de Maio;RS;23726;79,9;20,1;48,4;51,6;867;4,4;8308;5246;3070;14,1;85,9;0;720,09;1298,05;864,29;800;510
4321832;Três Forquilhas;RS;2914;13,2;86,8;51,9;48,1;292;12,7;1011;618;397;8,8;90,9;0,3;419,71;779,81;620,33;510;510
4321857;Três Palmeiras;RS;4381;47,7;52,3;50,4;49,6;380;11;1425;945;484;21,6;77,7;0,7;635,7;1138,95;801,66;510;510
4321907;Três Passos;RS;23965;79,5;20,5;49;51;1042;5,3;8572;5499;3090;38,3;61,6;0,1;703,36;1181,16;854,85;750;550
4321956;Trindade do Sul;RS;5787;50,1;49,9;49,8;50,2;515;11,6;1954;1216;747;19,7;79,1;1,3;465,57;900,19;663,46;510;510
4322004;Triunfo;RS;25793;65,4;34,6;50,1;49,9;1286;6,5;8619;5418;3220;36,8;63;0,1;585,59;1121,32;872,53;800;560
4322103;Tucunduva;RS;5898;68,4;31,6;47,8;52,2;258;5,2;2057;1489;570;6,1;93,9;0;665,21;1176,89;759,98;750;510
4322152;Tunas;RS;4395;31,3;68,7;51,8;48,2;418;12,4;1380;996;384;0,9;92,4;6,7;408,67;789,8;567,47;510;510
4322186;Tupanci do Sul;RS;1573;30,1;69,9;51,9;48,1;129;10,2;535;407;131;40,7;58,9;0,4;494,33;936,85;732,84;510;510
4322202;Tupanciretã;RS;22281;80,9;19,1;48,8;51,2;926;5,4;7451;4682;2787;42;57,8;0,2;595,97;1244,26;812,16;600;510
4322251;Tupandi;RS;3924;69,3;30,7;52,7;47,3;57;1,8;1280;948;332;76,9;23,1;0;769,9;1155,93;836,82;1000;700
4322301;Tuparendi;RS;8557;61,9;38,1;48,5;51,5;375;5,2;3068;2252;826;9;90,9;0,1;664,93;1153,03;785,91;700;510
4322327;Turuçu;RS;3522;42,2;57,8;50,5;49,5;175;6,2;1074;728;351;29,4;67,7;2,9;465,38;842,45;635,04;510;510
4322343;Ubiretama;RS;2296;21,8;78,2;51,5;48,5;78;4,1;726;577;150;4,4;95,6;0;513,24;802,25;698,89;597;510
4322350;União da Serra;RS;1487;18,8;81,2;53,6;46,4;64;5;458;416;42;26;74;0;924,26;1280,19;1031,5;850;800
4322376;Unistalda;RS;2450;37,3;62,7;50,8;49,2;181;9,4;832;613;219;0,8;97,8;1,3;387,09;736,87;596,05;510;510
4322400;Uruguaiana;RS;125435;93,6;6,4;48,6;51,4;3778;4,1;37422;22285;15221;77,8;22,1;0,1;586,62;1302,56;901,16;720;510
4322509;Vacaria;RS;61342;93,5;6,5;49;51;2418;5,2;19835;11796;8056;85,9;14,1;0;671,07;1299,98;906,58;800;550
4322525;Vale Verde;RS;3253;27,1;72,9;50,8;49,2;272;10,4;1164;784;380;27,8;71;1,1;432,18;714,76;672,91;510;510
4322533;Vale do Sol;RS;11077;11,3;88,7;50,5;49,5;551;6,2;3533;2862;673;30,6;68,1;1,3;448,63;807,95;650,6;510;510
4322541;Vale Real;RS;5118;89,2;10,8;50,2;49,8;125;3;1662;1262;402;23;77;0;738,8;1225,48;833,01;1000;700
4322558;Vanini;RS;1984;50,5;49,5;50,1;49,9;106;6,4;635;546;91;54;46;0;634,99;1073,84;789,67;790;532
4322608;Venâncio Aires;RS;65946;62,8;37,2;49,5;50,5;2456;4,6;23011;15424;7630;65,8;33,8;0,4;649,06;1055,53;805,72;700;540
4322707;Vera Cruz;RS;23983;55,5;44,5;49;51;901;4,7;8001;4577;3434;68,6;31,2;0,2;599,38;1021,73;780,59;700;532
4322806;Veranópolis;RS;22810;87;13;48,7;51,3;536;2,8;7704;5103;2608;86,3;13,7;0;861,81;1434,54;972,42;1000;650
4322855;Vespasiano Corrêa;RS;1974;20,6;79,4;51,9;48,1;122;7,2;622;506;118;33;66,9;0,2;742,66;1146,38;857,47;800;615,5
4322905;Viadutos;RS;5311;49,8;50,2;49,3;50,7;243;5,4;1758;1333;425;29,5;70;0,6;589,63;951,16;748,89;555;510
4323002;Viamão;RS;239384;94;6;48,7;51,3;7578;4,2;75516;40957;34618;69,7;30,2;0;587,3;1178,28;870,51;800;600
4323101;Vicente Dutra;RS;5285;44,5;55,5;51,1;48,9;441;11;1718;1222;506;24;74,9;1,1;348,64;727,15;612,46;510;510
4323200;Victor Graeff;RS;3036;42,3;57,7;49,8;50,2;71;2,9;1041;764;293;22,2;77,8;0;905,71;1710,41;922,31;910;580
4323309;Vila Flores;RS;3207;42;58;50,4;49,6;58;2,1;989;793;196;45,5;54,5;0;663,31;1026,65;758,88;800;600
4323358;Vila Lângaro;RS;2152;17;83;52,2;47,8;101;5,8;679;473;208;39,5;60,4;0,1;816,66;1255,99;1016,03;800;515,5
4323408;Vila Maria;RS;4221;53,3;46,7;50,1;49,9;152;4,3;1343;1006;337;52,9;47,1;0;932;1345,23;1018,13;1000;750
4323457;Vila Nova do Sul;RS;4221;52;48;49,8;50,2;307;9,1;1503;909;594;42,6;56,7;0,7;416,65;827,78;619,24;510;510
4323507;Vista Alegre;RS;2832;41,8;58,2;49,4;50,6;163;7,2;883;706;179;12,1;87,4;0,5;796,76;1799,08;785,09;700;510
4323606;Vista Alegre do Prata;RS;1569;29,5;70,5;52,2;47,8;35;2,6;472;318;162;27,5;72,2;0,2;1024,3;1560,12;1131,04;1000;710
4323705;Vista Gaúcha;RS;2759;35;65;50,6;49,4;136;6,1;947;752;195;14,7;84,9;0,4;770,98;1404,56;873,25;653,5;510
4323754;Vitória das Missões;RS;3485;19,2;80,8;51,5;48,5;324;11,5;1189;987;219;5,7;93,9;0,4;415,4;720,93;578,68;510;510
4323770;Westfália;RS;2793;40,5;59,5;50,3;49,7;46;1,9;867;692;175;73,5;26,5;0;979,14;1390,06;1050,85;1000;800
4323804;Xangri0lá;RS;12434;99,6;0,4;49,9;50,1;307;3,3;3862;1969;1907;12,4;87,5;0;707,8;1409,76;923,2;1000;600
